ID;period_first_selected;selected_for_201804;size_band;size;newly_selected_month
1;201803;Y;7;Oct-19;Mar
2;201804;Y;6;05-Sep;Apr
3;201801;Y;7;Oct-19;Jan
4;201804;Y;6;05-Sep;Apr
5;201801;Y;6;05-Sep;Jan
6;201801;Y;7;Oct-19;Jan
7;201802;Y;1;0-4;Feb
8;201801;Y;7;Oct-19;Jan
9;201803;Y;6;05-Sep;Mar
10;201802;Y;1;0-4;Feb
11;201803;Y;6;05-Sep;Mar
12;201801;Y;7;Oct-19;Jan
13;201803;Y;6;05-Sep;Mar
14;201801;Y;6;05-Sep;Jan
15;201804;Y;1;0-4;Apr
16;201803;Y;7;Oct-19;Mar
17;201804;Y;1;0-4;Apr
18;201802;Y;1;0-4;Feb
19;201804;Y;7;Oct-19;Apr
20;201803;Y;7;Oct-19;Mar
21;201802;Y;6;05-Sep;Feb
22;201801;Y;6;05-Sep;Jan
23;201804;Y;7;Oct-19;Apr
24;201803;Y;6;05-Sep;Mar
25;201803;Y;6;05-Sep;Mar
26;201804;Y;6;05-Sep;Apr
27;201803;Y;1;0-4;Mar
28;201801;Y;7;Oct-19;Jan
29;201801;Y;7;Oct-19;Jan
30;201804;Y;1;0-4;Apr
31;201801;Y;1;0-4;Jan
32;201802;Y;6;05-Sep;Feb
33;201802;Y;6;05-Sep;Feb
34;201804;Y;7;Oct-19;Apr
35;201804;Y;6;05-Sep;Apr
36;201803;Y;6;05-Sep;Mar
37;201802;Y;6;05-Sep;Feb
38;201803;Y;6;05-Sep;Mar
39;201802;Y;1;0-4;Feb
40;201804;Y;7;Oct-19;Apr
41;201802;Y;6;05-Sep;Feb
42;201803;Y;6;05-Sep;Mar
43;201801;Y;6;05-Sep;Jan
44;201801;Y;6;05-Sep;Jan
45;201802;Y;6;05-Sep;Feb
46;201804;Y;1;0-4;Apr
47;201803;Y;6;05-Sep;Mar
48;201803;Y;6;05-Sep;Mar
49;201802;Y;6;05-Sep;Feb
50;201804;Y;6;05-Sep;Apr
51;201803;Y;1;0-4;Mar
52;201802;Y;1;0-4;Feb
53;201801;Y;6;05-Sep;Jan
54;201803;Y;6;05-Sep;Mar
55;201801;Y;6;05-Sep;Jan
56;201804;Y;6;05-Sep;Apr
57;201803;Y;6;05-Sep;Mar
58;201804;Y;6;05-Sep;Apr
59;201802;Y;6;05-Sep;Feb
60;201802;Y;6;05-Sep;Feb
61;201801;Y;6;05-Sep;Jan
62;201802;Y;1;0-4;Feb
63;201804;Y;6;05-Sep;Apr
64;201804;Y;6;05-Sep;Apr
65;201801;Y;6;05-Sep;Jan
66;201804;Y;6;05-Sep;Apr
67;201804;Y;7;Oct-19;Apr
68;201801;Y;6;05-Sep;Jan
69;201803;Y;7;Oct-19;Mar
70;201801;Y;7;Oct-19;Jan
71;201801;Y;6;05-Sep;Jan
72;201804;Y;1;0-4;Apr
73;201801;Y;7;Oct-19;Jan
74;201803;Y;6;05-Sep;Mar
75;201801;Y;1;0-4;Jan
76;201803;Y;6;05-Sep;Mar
77;201801;Y;6;05-Sep;Jan
78;201801;Y;1;0-4;Jan
79;201801;Y;6;05-Sep;Jan
80;201801;Y;1;0-4;Jan
81;201804;Y;1;0-4;Apr
82;201801;Y;6;05-Sep;Jan
83;201804;Y;7;Oct-19;Apr
84;201802;Y;6;05-Sep;Feb
85;201802;Y;7;Oct-19;Feb
86;201801;Y;1;0-4;Jan
87;201804;Y;7;Oct-19;Apr
88;201804;Y;6;05-Sep;Apr
89;201803;Y;1;0-4;Mar
90;201804;Y;6;05-Sep;Apr
91;201803;Y;1;0-4;Mar
92;201801;Y;6;05-Sep;Jan
93;201801;Y;6;05-Sep;Jan
94;201801;Y;6;05-Sep;Jan
95;201801;Y;1;0-4;Jan
96;201802;Y;6;05-Sep;Feb
97;201803;Y;6;05-Sep;Mar
98;201801;Y;6;05-Sep;Jan
99;201801;Y;1;0-4;Jan
100;201804;Y;1;0-4;Apr
101;201801;Y;6;05-Sep;Jan
102;201803;Y;1;0-4;Mar
103;201802;Y;6;05-Sep;Feb
104;201801;Y;7;Oct-19;Jan
105;201804;Y;1;0-4;Apr
106;201802;Y;1;0-4;Feb
107;201801;Y;1;0-4;Jan
108;201801;Y;1;0-4;Jan
109;201804;Y;6;05-Sep;Apr
110;201801;Y;6;05-Sep;Jan
111;201802;Y;1;0-4;Feb
112;201803;Y;7;Oct-19;Mar
113;201803;Y;6;05-Sep;Mar
114;201804;Y;1;0-4;Apr
115;201803;Y;1;0-4;Mar
116;201804;Y;6;05-Sep;Apr
117;201804;Y;7;Oct-19;Apr
118;201803;Y;6;05-Sep;Mar
119;201801;Y;6;05-Sep;Jan
120;201804;Y;1;0-4;Apr
121;201804;Y;1;0-4;Apr
122;201802;Y;6;05-Sep;Feb
123;201801;Y;1;0-4;Jan
124;201804;Y;1;0-4;Apr
125;201803;Y;1;0-4;Mar
126;201803;Y;7;Oct-19;Mar
127;201804;Y;1;0-4;Apr
128;201801;Y;1;0-4;Jan
129;201802;Y;1;0-4;Feb
130;201801;Y;1;0-4;Jan
131;201804;Y;1;0-4;Apr
132;201801;Y;1;0-4;Jan
133;201804;Y;1;0-4;Apr
134;201803;Y;7;Oct-19;Mar
135;201804;Y;1;0-4;Apr
136;201802;Y;6;05-Sep;Feb
137;201803;Y;1;0-4;Mar
138;201804;Y;1;0-4;Apr
139;201804;Y;6;05-Sep;Apr
140;201804;Y;1;0-4;Apr
141;201804;Y;7;Oct-19;Apr
142;201804;Y;1;0-4;Apr
143;201803;Y;7;Oct-19;Mar
144;201803;Y;1;0-4;Mar
145;201801;Y;1;0-4;Jan
146;201803;Y;1;0-4;Mar
147;201803;Y;1;0-4;Mar
148;201804;Y;1;0-4;Apr
149;201804;Y;6;05-Sep;Apr
150;201803;Y;1;0-4;Mar
151;201803;Y;6;05-Sep;Mar
152;201803;Y;1;0-4;Mar
153;201804;Y;7;Oct-19;Apr
154;201803;Y;1;0-4;Mar
155;201803;Y;6;05-Sep;Mar
156;201802;Y;7;Oct-19;Feb
157;201802;Y;6;05-Sep;Feb
158;201804;Y;1;0-4;Apr
159;201802;Y;6;05-Sep;Feb
160;201804;Y;1;0-4;Apr
161;201804;Y;6;05-Sep;Apr
162;201802;Y;1;0-4;Feb
163;201801;Y;1;0-4;Jan
164;201804;Y;6;05-Sep;Apr
165;201804;Y;6;05-Sep;Apr
166;201804;Y;1;0-4;Apr
167;201804;Y;1;0-4;Apr
168;201804;Y;1;0-4;Apr
169;201801;Y;7;Oct-19;Jan
170;201804;Y;1;0-4;Apr
171;201804;Y;1;0-4;Apr
172;201803;Y;1;0-4;Mar
173;201802;Y;6;05-Sep;Feb
174;201801;Y;6;05-Sep;Jan
175;201801;Y;6;05-Sep;Jan
176;201804;Y;6;05-Sep;Apr
177;201802;Y;1;0-4;Feb
178;201801;Y;1;0-4;Jan
179;201801;Y;1;0-4;Jan
180;201803;Y;6;05-Sep;Mar
181;201803;Y;1;0-4;Mar
182;201802;Y;6;05-Sep;Feb
183;201803;Y;6;05-Sep;Mar
184;201801;Y;1;0-4;Jan
185;201802;Y;1;0-4;Feb
186;201802;Y;1;0-4;Feb
187;201803;Y;1;0-4;Mar
188;201804;Y;1;0-4;Apr
189;201802;Y;1;0-4;Feb
190;201801;Y;1;0-4;Jan
191;201801;Y;6;05-Sep;Jan
192;201801;Y;6;05-Sep;Jan
193;201804;Y;6;05-Sep;Apr
194;201803;Y;1;0-4;Mar
195;201801;Y;1;0-4;Jan
196;201804;Y;6;05-Sep;Apr
197;201803;Y;1;0-4;Mar
198;201802;Y;7;Oct-19;Feb
199;201804;Y;1;0-4;Apr
200;201802;Y;6;05-Sep;Feb
201;201802;Y;6;05-Sep;Feb
202;201804;Y;6;05-Sep;Apr
203;201802;Y;6;05-Sep;Feb
204;201804;Y;6;05-Sep;Apr
205;201802;Y;6;05-Sep;Feb
206;201803;Y;6;05-Sep;Mar
207;201804;Y;1;0-4;Apr
208;201802;Y;6;05-Sep;Feb
209;201802;Y;1;0-4;Feb
210;201804;Y;1;0-4;Apr
211;201803;Y;6;05-Sep;Mar
212;201804;Y;1;0-4;Apr
213;201803;Y;1;0-4;Mar
214;201804;Y;1;0-4;Apr
215;201802;Y;1;0-4;Feb
216;201801;Y;6;05-Sep;Jan
217;201801;Y;6;05-Sep;Jan
218;201803;Y;1;0-4;Mar
219;201804;Y;7;Oct-19;Apr
220;201803;Y;6;05-Sep;Mar
221;201804;Y;6;05-Sep;Apr
222;201803;Y;6;05-Sep;Mar
223;201802;Y;6;05-Sep;Feb
224;201803;Y;6;05-Sep;Mar
225;201803;Y;7;Oct-19;Mar
226;201803;Y;7;Oct-19;Mar
227;201804;Y;1;0-4;Apr
228;201802;Y;1;0-4;Feb
229;201801;Y;6;05-Sep;Jan
230;201801;Y;1;0-4;Jan
231;201803;Y;1;0-4;Mar
232;201803;Y;7;Oct-19;Mar
233;201804;Y;7;Oct-19;Apr
234;201802;Y;1;0-4;Feb
235;201804;Y;1;0-4;Apr
236;201803;Y;6;05-Sep;Mar
237;201803;Y;6;05-Sep;Mar
238;201804;Y;1;0-4;Apr
239;201804;Y;1;0-4;Apr
240;201804;Y;6;05-Sep;Apr
241;201804;Y;6;05-Sep;Apr
242;201804;Y;1;0-4;Apr
243;201804;Y;7;Oct-19;Apr
244;201803;Y;6;05-Sep;Mar
245;201801;Y;6;05-Sep;Jan
246;201803;Y;6;05-Sep;Mar
247;201803;Y;6;05-Sep;Mar
248;201804;Y;1;0-4;Apr
249;201804;Y;6;05-Sep;Apr
250;201802;Y;1;0-4;Feb
251;201801;Y;1;0-4;Jan
252;201801;Y;6;05-Sep;Jan
253;201803;Y;6;05-Sep;Mar
254;201803;Y;1;0-4;Mar
255;201802;Y;6;05-Sep;Feb
256;201804;Y;1;0-4;Apr
257;201801;Y;1;0-4;Jan
258;201801;Y;7;Oct-19;Jan
259;201802;Y;1;0-4;Feb
260;201802;Y;7;Oct-19;Feb
261;201803;Y;1;0-4;Mar
262;201802;Y;6;05-Sep;Feb
263;201804;Y;6;05-Sep;Apr
264;201804;Y;1;0-4;Apr
265;201804;Y;1;0-4;Apr
266;201803;Y;1;0-4;Mar
267;201804;Y;6;05-Sep;Apr
268;201804;Y;1;0-4;Apr
269;201802;Y;6;05-Sep;Feb
270;201801;Y;1;0-4;Jan
271;201802;Y;1;0-4;Feb
272;201803;Y;1;0-4;Mar
273;201802;Y;6;05-Sep;Feb
274;201803;Y;1;0-4;Mar
275;201801;Y;6;05-Sep;Jan
276;201801;Y;6;05-Sep;Jan
277;201804;Y;1;0-4;Apr
278;201802;Y;6;05-Sep;Feb
279;201803;Y;6;05-Sep;Mar
280;201803;Y;6;05-Sep;Mar
281;201802;Y;1;0-4;Feb
282;201801;Y;6;05-Sep;Jan
283;201802;Y;1;0-4;Feb
284;201803;Y;6;05-Sep;Mar
285;201804;Y;7;Oct-19;Apr
286;201802;Y;6;05-Sep;Feb
287;201801;Y;6;05-Sep;Jan
288;201802;Y;1;0-4;Feb
289;201801;Y;7;Oct-19;Jan
290;201802;Y;1;0-4;Feb
291;201802;Y;1;0-4;Feb
292;201801;Y;6;05-Sep;Jan
293;201802;Y;6;05-Sep;Feb
294;201802;Y;1;0-4;Feb
295;201804;Y;6;05-Sep;Apr
296;201803;Y;1;0-4;Mar
297;201803;Y;7;Oct-19;Mar
298;201803;Y;7;Oct-19;Mar
299;201803;Y;6;05-Sep;Mar
300;201801;Y;6;05-Sep;Jan
301;201801;Y;6;05-Sep;Jan
302;201802;Y;1;0-4;Feb
303;201804;Y;1;0-4;Apr
304;201801;Y;1;0-4;Jan
305;201801;Y;1;0-4;Jan
306;201803;Y;7;Oct-19;Mar
307;201802;Y;7;Oct-19;Feb
308;201801;Y;7;Oct-19;Jan
309;201803;Y;6;05-Sep;Mar
310;201803;Y;6;05-Sep;Mar
311;201803;Y;1;0-4;Mar
312;201803;Y;6;05-Sep;Mar
313;201801;Y;1;0-4;Jan
314;201804;Y;6;05-Sep;Apr
315;201801;Y;6;05-Sep;Jan
316;201803;Y;1;0-4;Mar
317;201804;Y;6;05-Sep;Apr
318;201802;Y;6;05-Sep;Feb
319;201801;Y;6;05-Sep;Jan
320;201804;Y;6;05-Sep;Apr
321;201802;Y;6;05-Sep;Feb
322;201804;Y;1;0-4;Apr
323;201804;Y;7;Oct-19;Apr
324;201802;Y;6;05-Sep;Feb
325;201804;Y;6;05-Sep;Apr
326;201804;Y;1;0-4;Apr
327;201801;Y;6;05-Sep;Jan
328;201802;Y;7;Oct-19;Feb
329;201804;Y;6;05-Sep;Apr
330;201804;Y;6;05-Sep;Apr
331;201804;Y;1;0-4;Apr
332;201801;Y;7;Oct-19;Jan
333;201803;Y;1;0-4;Mar
334;201801;Y;1;0-4;Jan
335;201802;Y;1;0-4;Feb
336;201804;Y;7;Oct-19;Apr
337;201801;Y;1;0-4;Jan
338;201802;Y;1;0-4;Feb
339;201803;Y;1;0-4;Mar
340;201802;Y;1;0-4;Feb
341;201801;Y;6;05-Sep;Jan
342;201802;Y;1;0-4;Feb
343;201801;Y;1;0-4;Jan
344;201802;Y;1;0-4;Feb
345;201802;Y;1;0-4;Feb
346;201803;Y;7;Oct-19;Mar
347;201804;Y;1;0-4;Apr
348;201801;Y;6;05-Sep;Jan
349;201803;Y;6;05-Sep;Mar
350;201804;Y;6;05-Sep;Apr
351;201803;Y;7;Oct-19;Mar
352;201804;Y;1;0-4;Apr
353;201801;Y;1;0-4;Jan
354;201802;Y;6;05-Sep;Feb
355;201802;Y;6;05-Sep;Feb
356;201802;Y;6;05-Sep;Feb
357;201803;Y;6;05-Sep;Mar
358;201802;Y;1;0-4;Feb
359;201803;Y;6;05-Sep;Mar
360;201801;Y;7;Oct-19;Jan
361;201804;Y;7;Oct-19;Apr
362;201801;Y;1;0-4;Jan
363;201803;Y;1;0-4;Mar
364;201802;Y;1;0-4;Feb
365;201804;Y;1;0-4;Apr
366;201801;Y;6;05-Sep;Jan
367;201804;Y;1;0-4;Apr
368;201801;Y;6;05-Sep;Jan
369;201802;Y;6;05-Sep;Feb
370;201803;Y;1;0-4;Mar
371;201804;Y;1;0-4;Apr
372;201804;Y;1;0-4;Apr
373;201803;Y;1;0-4;Mar
374;201801;Y;1;0-4;Jan
375;201802;Y;6;05-Sep;Feb
376;201801;Y;6;05-Sep;Jan
377;201803;Y;1;0-4;Mar
378;201801;Y;1;0-4;Jan
379;201801;Y;6;05-Sep;Jan
380;201804;Y;1;0-4;Apr
381;201801;Y;6;05-Sep;Jan
382;201802;Y;1;0-4;Feb
383;201803;Y;1;0-4;Mar
384;201801;Y;6;05-Sep;Jan
385;201801;Y;6;05-Sep;Jan
386;201803;Y;6;05-Sep;Mar
387;201803;Y;1;0-4;Mar
388;201803;Y;1;0-4;Mar
389;201801;Y;1;0-4;Jan
390;201801;Y;6;05-Sep;Jan
391;201804;Y;6;05-Sep;Apr
392;201804;Y;6;05-Sep;Apr
393;201804;Y;6;05-Sep;Apr
394;201801;Y;1;0-4;Jan
395;201802;Y;1;0-4;Feb
396;201803;Y;1;0-4;Mar
397;201801;Y;1;0-4;Jan
398;201803;Y;7;Oct-19;Mar
399;201802;Y;1;0-4;Feb
400;201803;Y;6;05-Sep;Mar
401;201803;Y;6;05-Sep;Mar
402;201801;Y;6;05-Sep;Jan
403;201802;Y;1;0-4;Feb
404;201803;Y;1;0-4;Mar
405;201804;Y;1;0-4;Apr
406;201804;Y;6;05-Sep;Apr
407;201801;Y;6;05-Sep;Jan
408;201804;Y;1;0-4;Apr
409;201801;Y;1;0-4;Jan
410;201804;Y;7;Oct-19;Apr
411;201801;Y;6;05-Sep;Jan
412;201802;Y;1;0-4;Feb
413;201804;Y;1;0-4;Apr
414;201802;Y;1;0-4;Feb
415;201802;Y;1;0-4;Feb
416;201802;Y;7;Oct-19;Feb
417;201804;Y;1;0-4;Apr
418;201803;Y;6;05-Sep;Mar
419;201803;Y;6;05-Sep;Mar
420;201801;Y;6;05-Sep;Jan
421;201804;Y;1;0-4;Apr
422;201802;Y;1;0-4;Feb
423;201801;Y;7;Oct-19;Jan
424;201804;Y;1;0-4;Apr
425;201804;Y;6;05-Sep;Apr
426;201801;Y;1;0-4;Jan
427;201802;Y;1;0-4;Feb
428;201801;Y;1;0-4;Jan
429;201801;Y;1;0-4;Jan
430;201804;Y;1;0-4;Apr
431;201803;Y;1;0-4;Mar
432;201803;Y;1;0-4;Mar
433;201804;Y;6;05-Sep;Apr
434;201803;Y;6;05-Sep;Mar
435;201802;Y;6;05-Sep;Feb
436;201804;Y;6;05-Sep;Apr
437;201802;Y;1;0-4;Feb
438;201801;Y;6;05-Sep;Jan
439;201801;Y;6;05-Sep;Jan
440;201803;Y;1;0-4;Mar
441;201803;Y;1;0-4;Mar
442;201802;Y;1;0-4;Feb
443;201801;Y;6;05-Sep;Jan
444;201804;Y;1;0-4;Apr
445;201803;Y;6;05-Sep;Mar
446;201804;Y;6;05-Sep;Apr
447;201802;Y;1;0-4;Feb
448;201804;Y;6;05-Sep;Apr
449;201802;Y;6;05-Sep;Feb
450;201803;Y;6;05-Sep;Mar
451;201803;Y;6;05-Sep;Mar
452;201803;Y;6;05-Sep;Mar
453;201801;Y;7;Oct-19;Jan
454;201802;Y;6;05-Sep;Feb
455;201803;Y;1;0-4;Mar
456;201802;Y;6;05-Sep;Feb
457;201803;Y;1;0-4;Mar
458;201802;Y;1;0-4;Feb
459;201803;Y;6;05-Sep;Mar
460;201803;Y;6;05-Sep;Mar
461;201802;Y;1;0-4;Feb
462;201804;Y;1;0-4;Apr
463;201802;Y;1;0-4;Feb
464;201801;Y;1;0-4;Jan
465;201804;Y;1;0-4;Apr
466;201802;Y;6;05-Sep;Feb
467;201802;Y;1;0-4;Feb
468;201804;Y;6;05-Sep;Apr
469;201801;Y;1;0-4;Jan
470;201803;Y;6;05-Sep;Mar
471;201804;Y;6;05-Sep;Apr
472;201802;Y;1;0-4;Feb
473;201804;Y;6;05-Sep;Apr
474;201803;Y;7;Oct-19;Mar
475;201801;Y;7;Oct-19;Jan
476;201801;Y;1;0-4;Jan
477;201804;Y;1;0-4;Apr
478;201803;Y;1;0-4;Mar
479;201801;Y;1;0-4;Jan
480;201803;Y;1;0-4;Mar
481;201804;Y;1;0-4;Apr
482;201804;Y;1;0-4;Apr
483;201801;Y;1;0-4;Jan
484;201803;Y;7;Oct-19;Mar
485;201802;Y;1;0-4;Feb
486;201803;Y;1;0-4;Mar
487;201803;Y;1;0-4;Mar
488;201801;Y;6;05-Sep;Jan
489;201804;Y;7;Oct-19;Apr
490;201803;Y;6;05-Sep;Mar
491;201803;Y;1;0-4;Mar
492;201802;Y;1;0-4;Feb
493;201802;Y;1;0-4;Feb
494;201803;Y;1;0-4;Mar
495;201801;Y;1;0-4;Jan
496;201802;Y;6;05-Sep;Feb
497;201803;Y;7;Oct-19;Mar
498;201802;Y;1;0-4;Feb
499;201804;Y;1;0-4;Apr
500;201801;Y;6;05-Sep;Jan
501;201803;Y;6;05-Sep;Mar
502;201804;Y;7;Oct-19;Apr
503;201802;Y;1;0-4;Feb
504;201801;Y;7;Oct-19;Jan
505;201804;Y;6;05-Sep;Apr
506;201804;Y;7;Oct-19;Apr
507;201804;Y;1;0-4;Apr
508;201801;Y;1;0-4;Jan
509;201804;Y;6;05-Sep;Apr
510;201801;Y;6;05-Sep;Jan
511;201802;Y;1;0-4;Feb
512;201804;Y;6;05-Sep;Apr
513;201803;Y;1;0-4;Mar
514;201801;Y;1;0-4;Jan
515;201803;Y;6;05-Sep;Mar
516;201804;Y;1;0-4;Apr
517;201801;Y;6;05-Sep;Jan
518;201803;Y;1;0-4;Mar
519;201804;Y;6;05-Sep;Apr
520;201804;Y;7;Oct-19;Apr
521;201804;Y;1;0-4;Apr
522;201801;Y;1;0-4;Jan
523;201801;Y;1;0-4;Jan
524;201804;Y;1;0-4;Apr
525;201803;Y;1;0-4;Mar
526;201802;Y;1;0-4;Feb
527;201801;Y;6;05-Sep;Jan
528;201803;Y;1;0-4;Mar
529;201803;Y;1;0-4;Mar
530;201801;Y;6;05-Sep;Jan
531;201801;Y;1;0-4;Jan
532;201802;Y;1;0-4;Feb
533;201803;Y;1;0-4;Mar
534;201803;Y;1;0-4;Mar
535;201801;Y;6;05-Sep;Jan
536;201801;Y;7;Oct-19;Jan
537;201801;Y;6;05-Sep;Jan
538;201801;Y;1;0-4;Jan
539;201804;Y;1;0-4;Apr
540;201801;Y;1;0-4;Jan
541;201803;Y;1;0-4;Mar
542;201804;Y;1;0-4;Apr
543;201803;Y;1;0-4;Mar
544;201803;Y;1;0-4;Mar
545;201804;Y;1;0-4;Apr
546;201801;Y;6;05-Sep;Jan
547;201801;Y;6;05-Sep;Jan
548;201803;Y;1;0-4;Mar
549;201803;Y;1;0-4;Mar
550;201801;Y;6;05-Sep;Jan
551;201804;Y;6;05-Sep;Apr
552;201803;Y;7;Oct-19;Mar
553;201803;Y;1;0-4;Mar
554;201804;Y;6;05-Sep;Apr
555;201801;Y;1;0-4;Jan
556;201803;Y;6;05-Sep;Mar
557;201801;Y;1;0-4;Jan
558;201804;Y;1;0-4;Apr
559;201803;Y;1;0-4;Mar
560;201804;Y;1;0-4;Apr
561;201804;Y;1;0-4;Apr
562;201804;Y;1;0-4;Apr
563;201801;Y;6;05-Sep;Jan
564;201801;Y;7;Oct-19;Jan
565;201803;Y;1;0-4;Mar
566;201802;Y;6;05-Sep;Feb
567;201802;Y;1;0-4;Feb
568;201804;Y;1;0-4;Apr
569;201801;Y;1;0-4;Jan
570;201803;Y;6;05-Sep;Mar
571;201804;Y;1;0-4;Apr
572;201804;Y;6;05-Sep;Apr
573;201801;Y;1;0-4;Jan
574;201804;Y;1;0-4;Apr
575;201803;Y;1;0-4;Mar
576;201803;Y;6;05-Sep;Mar
577;201804;Y;1;0-4;Apr
578;201801;Y;6;05-Sep;Jan
579;201802;Y;1;0-4;Feb
580;201803;Y;1;0-4;Mar
581;201802;Y;6;05-Sep;Feb
582;201801;Y;6;05-Sep;Jan
583;201802;Y;7;Oct-19;Feb
584;201803;Y;1;0-4;Mar
585;201801;Y;6;05-Sep;Jan
586;201803;Y;1;0-4;Mar
587;201804;Y;1;0-4;Apr
588;201801;Y;1;0-4;Jan
589;201804;Y;1;0-4;Apr
590;201803;Y;1;0-4;Mar
591;201804;Y;6;05-Sep;Apr
592;201803;Y;1;0-4;Mar
593;201803;Y;1;0-4;Mar
594;201803;Y;1;0-4;Mar
595;201803;Y;1;0-4;Mar
596;201802;Y;6;05-Sep;Feb
597;201801;Y;6;05-Sep;Jan
598;201802;Y;1;0-4;Feb
599;201804;Y;1;0-4;Apr
600;201802;Y;7;Oct-19;Feb
601;201803;Y;1;0-4;Mar
602;201804;Y;6;05-Sep;Apr
603;201801;Y;1;0-4;Jan
604;201801;Y;7;Oct-19;Jan
605;201801;Y;1;0-4;Jan
606;201802;Y;1;0-4;Feb
607;201803;Y;1;0-4;Mar
608;201803;Y;6;05-Sep;Mar
609;201803;Y;1;0-4;Mar
610;201802;Y;1;0-4;Feb
611;201804;Y;1;0-4;Apr
612;201802;Y;6;05-Sep;Feb
613;201801;Y;1;0-4;Jan
614;201804;Y;1;0-4;Apr
615;201802;Y;7;Oct-19;Feb
616;201804;Y;1;0-4;Apr
617;201801;Y;6;05-Sep;Jan
618;201804;Y;1;0-4;Apr
619;201804;Y;6;05-Sep;Apr
620;201803;Y;1;0-4;Mar
621;201803;Y;1;0-4;Mar
622;201802;Y;6;05-Sep;Feb
623;201801;Y;6;05-Sep;Jan
624;201803;Y;1;0-4;Mar
625;201803;Y;7;Oct-19;Mar
626;201801;Y;6;05-Sep;Jan
627;201804;Y;7;Oct-19;Apr
628;201804;Y;1;0-4;Apr
629;201801;Y;6;05-Sep;Jan
630;201804;Y;1;0-4;Apr
631;201802;Y;7;Oct-19;Feb
632;201804;Y;1;0-4;Apr
633;201804;Y;6;05-Sep;Apr
634;201801;Y;6;05-Sep;Jan
635;201801;Y;1;0-4;Jan
636;201801;Y;1;0-4;Jan
637;201801;Y;6;05-Sep;Jan
638;201803;Y;1;0-4;Mar
639;201804;Y;1;0-4;Apr
640;201801;Y;6;05-Sep;Jan
641;201801;Y;6;05-Sep;Jan
642;201804;Y;6;05-Sep;Apr
643;201802;Y;6;05-Sep;Feb
644;201801;Y;7;Oct-19;Jan
645;201802;Y;1;0-4;Feb
646;201801;Y;6;05-Sep;Jan
647;201804;Y;1;0-4;Apr
648;201801;Y;6;05-Sep;Jan
649;201804;Y;6;05-Sep;Apr
650;201804;Y;6;05-Sep;Apr
651;201803;Y;6;05-Sep;Mar
652;201802;Y;1;0-4;Feb
653;201802;Y;1;0-4;Feb
654;201801;Y;1;0-4;Jan
655;201801;Y;1;0-4;Jan
656;201801;Y;6;05-Sep;Jan
657;201804;Y;1;0-4;Apr
658;201803;Y;1;0-4;Mar
659;201804;Y;6;05-Sep;Apr
660;201804;Y;1;0-4;Apr
661;201804;Y;1;0-4;Apr
662;201801;Y;1;0-4;Jan
663;201804;Y;1;0-4;Apr
664;201802;Y;1;0-4;Feb
665;201803;Y;6;05-Sep;Mar
666;201804;Y;1;0-4;Apr
667;201803;Y;6;05-Sep;Mar
668;201801;Y;7;Oct-19;Jan
669;201803;Y;1;0-4;Mar
670;201801;Y;6;05-Sep;Jan
671;201801;Y;6;05-Sep;Jan
672;201802;Y;6;05-Sep;Feb
673;201803;Y;1;0-4;Mar
674;201801;Y;1;0-4;Jan
675;201803;Y;1;0-4;Mar
676;201803;Y;1;0-4;Mar
677;201801;Y;6;05-Sep;Jan
678;201803;Y;6;05-Sep;Mar
679;201801;Y;7;Oct-19;Jan
680;201803;Y;6;05-Sep;Mar
681;201804;Y;6;05-Sep;Apr
682;201801;Y;7;Oct-19;Jan
683;201803;Y;6;05-Sep;Mar
684;201801;Y;6;05-Sep;Jan
685;201803;Y;1;0-4;Mar
686;201803;Y;1;0-4;Mar
687;201801;Y;1;0-4;Jan
688;201804;Y;1;0-4;Apr
689;201801;Y;6;05-Sep;Jan
690;201801;Y;6;05-Sep;Jan
691;201801;Y;6;05-Sep;Jan
692;201802;Y;6;05-Sep;Feb
693;201803;Y;7;Oct-19;Mar
694;201802;Y;1;0-4;Feb
695;201801;Y;6;05-Sep;Jan
696;201802;Y;6;05-Sep;Feb
697;201803;Y;1;0-4;Mar
698;201801;Y;7;Oct-19;Jan
699;201801;Y;6;05-Sep;Jan
700;201804;Y;7;Oct-19;Apr
701;201801;Y;6;05-Sep;Jan
702;201801;Y;1;0-4;Jan
703;201803;Y;7;Oct-19;Mar
704;201801;Y;6;05-Sep;Jan
705;201804;Y;1;0-4;Apr
706;201803;Y;1;0-4;Mar
707;201804;Y;1;0-4;Apr
708;201803;Y;1;0-4;Mar
709;201803;Y;7;Oct-19;Mar
710;201801;Y;6;05-Sep;Jan
711;201802;Y;1;0-4;Feb
712;201804;Y;6;05-Sep;Apr
713;201802;Y;1;0-4;Feb
714;201802;Y;1;0-4;Feb
715;201803;Y;6;05-Sep;Mar
716;201801;Y;1;0-4;Jan
717;201801;Y;1;0-4;Jan
718;201803;Y;1;0-4;Mar
719;201801;Y;6;05-Sep;Jan
720;201801;Y;6;05-Sep;Jan
721;201801;Y;1;0-4;Jan
722;201801;Y;1;0-4;Jan
723;201801;Y;6;05-Sep;Jan
724;201804;Y;1;0-4;Apr
725;201802;Y;6;05-Sep;Feb
726;201801;Y;6;05-Sep;Jan
727;201802;Y;1;0-4;Feb
728;201801;Y;6;05-Sep;Jan
729;201801;Y;6;05-Sep;Jan
730;201803;Y;6;05-Sep;Mar
731;201804;Y;1;0-4;Apr
732;201802;Y;1;0-4;Feb
733;201801;Y;6;05-Sep;Jan
734;201803;Y;7;Oct-19;Mar
735;201802;Y;6;05-Sep;Feb
736;201802;Y;6;05-Sep;Feb
737;201801;Y;6;05-Sep;Jan
738;201801;Y;1;0-4;Jan
739;201801;Y;6;05-Sep;Jan
740;201804;Y;6;05-Sep;Apr
741;201803;Y;6;05-Sep;Mar
742;201802;Y;1;0-4;Feb
743;201801;Y;6;05-Sep;Jan
744;201801;Y;7;Oct-19;Jan
745;201803;Y;1;0-4;Mar
746;201801;Y;6;05-Sep;Jan
747;201801;Y;6;05-Sep;Jan
748;201801;Y;1;0-4;Jan
749;201801;Y;6;05-Sep;Jan
750;201803;Y;1;0-4;Mar
751;201801;Y;6;05-Sep;Jan
752;201801;Y;1;0-4;Jan
753;201801;Y;1;0-4;Jan
754;201802;Y;6;05-Sep;Feb
755;201801;Y;1;0-4;Jan
756;201803;Y;1;0-4;Mar
757;201803;Y;1;0-4;Mar
758;201802;Y;1;0-4;Feb
759;201804;Y;1;0-4;Apr
760;201804;Y;1;0-4;Apr
761;201801;Y;6;05-Sep;Jan
762;201802;Y;1;0-4;Feb
763;201801;Y;1;0-4;Jan
764;201804;Y;1;0-4;Apr
765;201803;Y;1;0-4;Mar
766;201804;Y;1;0-4;Apr
767;201802;Y;1;0-4;Feb
768;201803;Y;1;0-4;Mar
769;201803;Y;7;Oct-19;Mar
770;201801;Y;7;Oct-19;Jan
771;201801;Y;1;0-4;Jan
772;201804;Y;1;0-4;Apr
773;201803;Y;6;05-Sep;Mar
774;201803;Y;1;0-4;Mar
775;201804;Y;1;0-4;Apr
776;201803;Y;1;0-4;Mar
777;201801;Y;1;0-4;Jan
778;201803;Y;6;05-Sep;Mar
779;201801;Y;7;Oct-19;Jan
780;201803;Y;1;0-4;Mar
781;201803;Y;1;0-4;Mar
782;201804;Y;1;0-4;Apr
783;201801;Y;1;0-4;Jan
784;201801;Y;1;0-4;Jan
785;201801;Y;6;05-Sep;Jan
786;201804;Y;6;05-Sep;Apr
787;201804;Y;1;0-4;Apr
788;201803;Y;1;0-4;Mar
789;201803;Y;6;05-Sep;Mar
790;201804;Y;1;0-4;Apr
791;201804;Y;1;0-4;Apr
792;201801;Y;7;Oct-19;Jan
793;201804;Y;6;05-Sep;Apr
794;201801;Y;1;0-4;Jan
795;201804;Y;1;0-4;Apr
796;201802;Y;1;0-4;Feb
797;201802;Y;1;0-4;Feb
798;201801;Y;6;05-Sep;Jan
799;201802;Y;7;Oct-19;Feb
800;201801;Y;6;05-Sep;Jan
801;201801;Y;6;05-Sep;Jan
802;201803;Y;6;05-Sep;Mar
803;201803;Y;6;05-Sep;Mar
804;201801;Y;6;05-Sep;Jan
805;201801;Y;1;0-4;Jan
806;201804;Y;6;05-Sep;Apr
807;201804;Y;6;05-Sep;Apr
808;201801;Y;6;05-Sep;Jan
809;201804;Y;6;05-Sep;Apr
810;201802;Y;1;0-4;Feb
811;201804;Y;7;Oct-19;Apr
812;201801;Y;1;0-4;Jan
813;201801;Y;7;Oct-19;Jan
814;201803;Y;1;0-4;Mar
815;201804;Y;6;05-Sep;Apr
816;201804;Y;1;0-4;Apr
817;201802;Y;6;05-Sep;Feb
818;201804;Y;1;0-4;Apr
819;201803;Y;6;05-Sep;Mar
820;201801;Y;6;05-Sep;Jan
821;201801;Y;7;Oct-19;Jan
822;201803;Y;6;05-Sep;Mar
823;201803;Y;1;0-4;Mar
824;201804;Y;1;0-4;Apr
825;201801;Y;1;0-4;Jan
826;201802;Y;1;0-4;Feb
827;201801;Y;6;05-Sep;Jan
828;201801;Y;6;05-Sep;Jan
829;201801;Y;6;05-Sep;Jan
830;201801;Y;7;Oct-19;Jan
831;201804;Y;6;05-Sep;Apr
832;201802;Y;6;05-Sep;Feb
833;201802;Y;1;0-4;Feb
834;201804;Y;1;0-4;Apr
835;201801;Y;7;Oct-19;Jan
836;201803;Y;6;05-Sep;Mar
837;201802;Y;1;0-4;Feb
838;201803;Y;6;05-Sep;Mar
839;201804;Y;1;0-4;Apr
840;201803;Y;1;0-4;Mar
841;201801;Y;6;05-Sep;Jan
842;201804;Y;6;05-Sep;Apr
843;201803;Y;6;05-Sep;Mar
844;201802;Y;1;0-4;Feb
845;201804;Y;6;05-Sep;Apr
846;201804;Y;1;0-4;Apr
847;201804;Y;1;0-4;Apr
848;201803;Y;6;05-Sep;Mar
849;201804;Y;6;05-Sep;Apr
850;201803;Y;1;0-4;Mar
851;201803;Y;1;0-4;Mar
852;201802;Y;1;0-4;Feb
853;201804;Y;1;0-4;Apr
854;201804;Y;6;05-Sep;Apr
855;201804;Y;6;05-Sep;Apr
856;201802;Y;1;0-4;Feb
857;201802;Y;1;0-4;Feb
858;201802;Y;1;0-4;Feb
859;201802;Y;1;0-4;Feb
860;201802;Y;1;0-4;Feb
861;201801;Y;6;05-Sep;Jan
862;201804;Y;1;0-4;Apr
863;201801;Y;7;Oct-19;Jan
864;201803;Y;1;0-4;Mar
865;201803;Y;1;0-4;Mar
866;201801;Y;1;0-4;Jan
867;201803;Y;1;0-4;Mar
868;201804;Y;6;05-Sep;Apr
869;201801;Y;6;05-Sep;Jan
870;201801;Y;6;05-Sep;Jan
871;201801;Y;6;05-Sep;Jan
872;201801;Y;1;0-4;Jan
873;201804;Y;1;0-4;Apr
874;201802;Y;1;0-4;Feb
875;201802;Y;1;0-4;Feb
876;201804;Y;1;0-4;Apr
877;201804;Y;1;0-4;Apr
878;201804;Y;1;0-4;Apr
879;201803;Y;1;0-4;Mar
880;201802;Y;1;0-4;Feb
881;201801;Y;1;0-4;Jan
882;201803;Y;1;0-4;Mar
883;201804;Y;6;05-Sep;Apr
884;201803;Y;1;0-4;Mar
885;201801;Y;6;05-Sep;Jan
886;201803;Y;1;0-4;Mar
887;201801;Y;7;Oct-19;Jan
888;201804;Y;7;Oct-19;Apr
889;201801;Y;6;05-Sep;Jan
890;201801;Y;6;05-Sep;Jan
891;201801;Y;1;0-4;Jan
892;201801;Y;6;05-Sep;Jan
893;201801;Y;6;05-Sep;Jan
894;201801;Y;7;Oct-19;Jan
895;201803;Y;1;0-4;Mar
896;201804;Y;1;0-4;Apr
897;201804;Y;1;0-4;Apr
898;201803;Y;1;0-4;Mar
899;201803;Y;1;0-4;Mar
900;201802;Y;1;0-4;Feb
901;201801;Y;1;0-4;Jan
902;201802;Y;1;0-4;Feb
903;201801;Y;1;0-4;Jan
904;201804;Y;1;0-4;Apr
905;201804;Y;6;05-Sep;Apr
906;201801;Y;1;0-4;Jan
907;201803;Y;1;0-4;Mar
908;201801;Y;1;0-4;Jan
909;201801;Y;7;Oct-19;Jan
910;201801;Y;6;05-Sep;Jan
911;201804;Y;1;0-4;Apr
912;201801;Y;6;05-Sep;Jan
913;201802;Y;1;0-4;Feb
914;201802;Y;7;Oct-19;Feb
915;201803;Y;7;Oct-19;Mar
916;201802;Y;1;0-4;Feb
917;201802;Y;1;0-4;Feb
918;201802;Y;1;0-4;Feb
919;201801;Y;6;05-Sep;Jan
920;201803;Y;1;0-4;Mar
921;201801;Y;1;0-4;Jan
922;201801;Y;6;05-Sep;Jan
923;201801;Y;1;0-4;Jan
924;201801;Y;6;05-Sep;Jan
925;201801;Y;6;05-Sep;Jan
926;201804;Y;1;0-4;Apr
927;201802;Y;6;05-Sep;Feb
928;201803;Y;1;0-4;Mar
929;201804;Y;1;0-4;Apr
930;201804;Y;1;0-4;Apr
931;201801;Y;1;0-4;Jan
932;201804;Y;1;0-4;Apr
933;201801;Y;6;05-Sep;Jan
934;201804;Y;6;05-Sep;Apr
935;201801;Y;6;05-Sep;Jan
936;201803;Y;6;05-Sep;Mar
937;201801;Y;6;05-Sep;Jan
938;201803;Y;1;0-4;Mar
939;201802;Y;6;05-Sep;Feb
940;201801;Y;6;05-Sep;Jan
941;201803;Y;6;05-Sep;Mar
942;201801;Y;6;05-Sep;Jan
943;201801;Y;6;05-Sep;Jan
944;201801;Y;7;Oct-19;Jan
945;201802;Y;1;0-4;Feb
946;201801;Y;6;05-Sep;Jan
947;201801;Y;1;0-4;Jan
948;201801;Y;6;05-Sep;Jan
949;201801;Y;6;05-Sep;Jan
950;201802;Y;1;0-4;Feb
951;201802;Y;1;0-4;Feb
952;201801;Y;6;05-Sep;Jan
953;201801;Y;6;05-Sep;Jan
954;201804;Y;1;0-4;Apr
955;201804;Y;1;0-4;Apr
956;201804;Y;1;0-4;Apr
957;201801;Y;6;05-Sep;Jan
958;201804;Y;1;0-4;Apr
959;201801;Y;1;0-4;Jan
960;201801;Y;6;05-Sep;Jan
961;201804;Y;1;0-4;Apr
962;201801;Y;7;Oct-19;Jan
963;201803;Y;6;05-Sep;Mar
964;201801;Y;6;05-Sep;Jan
965;201803;Y;1;0-4;Mar
966;201801;Y;1;0-4;Jan
967;201801;Y;1;0-4;Jan
968;201804;Y;1;0-4;Apr
969;201801;Y;7;Oct-19;Jan
970;201804;Y;1;0-4;Apr
971;201801;Y;1;0-4;Jan
972;201801;Y;1;0-4;Jan
973;201803;Y;1;0-4;Mar
974;201804;Y;1;0-4;Apr
975;201802;Y;1;0-4;Feb
976;201804;Y;1;0-4;Apr
977;201802;Y;1;0-4;Feb
978;201801;Y;1;0-4;Jan
979;201802;Y;1;0-4;Feb
980;201802;Y;1;0-4;Feb
981;201803;Y;1;0-4;Mar
982;201802;Y;1;0-4;Feb
983;201801;Y;6;05-Sep;Jan
984;201804;Y;6;05-Sep;Apr
985;201803;Y;1;0-4;Mar
986;201801;Y;6;05-Sep;Jan
987;201803;Y;6;05-Sep;Mar
988;201804;Y;1;0-4;Apr
989;201801;Y;1;0-4;Jan
990;201801;Y;6;05-Sep;Jan
991;201801;Y;6;05-Sep;Jan
992;201804;Y;1;0-4;Apr
993;201804;Y;1;0-4;Apr
994;201801;Y;6;05-Sep;Jan
995;201801;Y;6;05-Sep;Jan
996;201802;Y;1;0-4;Feb
997;201803;Y;1;0-4;Mar
998;201804;Y;1;0-4;Apr
999;201802;Y;1;0-4;Feb
1000;201801;Y;1;0-4;Jan
1001;201801;Y;1;0-4;Jan
1002;201801;Y;1;0-4;Jan
1003;201801;Y;6;05-Sep;Jan
1004;201801;Y;1;0-4;Jan
1005;201801;Y;1;0-4;Jan
1006;201802;Y;1;0-4;Feb
1007;201801;Y;7;Oct-19;Jan
1008;201801;Y;1;0-4;Jan
1009;201804;Y;1;0-4;Apr
1010;201803;Y;1;0-4;Mar
1011;201802;Y;1;0-4;Feb
1012;201801;Y;7;Oct-19;Jan
1013;201803;Y;6;05-Sep;Mar
1014;201804;Y;1;0-4;Apr
1015;201801;Y;6;05-Sep;Jan
1016;201803;Y;1;0-4;Mar
1017;201803;Y;1;0-4;Mar
1018;201801;Y;7;Oct-19;Jan
1019;201802;Y;1;0-4;Feb
1020;201803;Y;1;0-4;Mar
1021;201804;Y;1;0-4;Apr
1022;201803;Y;6;05-Sep;Mar
1023;201801;Y;6;05-Sep;Jan
1024;201803;Y;6;05-Sep;Mar
1025;201801;Y;7;Oct-19;Jan
1026;201801;Y;6;05-Sep;Jan
1027;201802;Y;1;0-4;Feb
1028;201803;Y;1;0-4;Mar
1029;201801;Y;7;Oct-19;Jan
1030;201803;Y;6;05-Sep;Mar
1031;201804;Y;1;0-4;Apr
1032;201801;Y;6;05-Sep;Jan
1033;201804;Y;1;0-4;Apr
1034;201803;Y;1;0-4;Mar
1035;201803;Y;1;0-4;Mar
1036;201803;Y;6;05-Sep;Mar
1037;201804;Y;1;0-4;Apr
1038;201801;Y;1;0-4;Jan
1039;201804;Y;6;05-Sep;Apr
1040;201802;Y;1;0-4;Feb
1041;201804;Y;6;05-Sep;Apr
1042;201802;Y;6;05-Sep;Feb
1043;201804;Y;1;0-4;Apr
1044;201803;Y;1;0-4;Mar
1045;201801;Y;1;0-4;Jan
1046;201802;Y;1;0-4;Feb
1047;201801;Y;7;Oct-19;Jan
1048;201803;Y;1;0-4;Mar
1049;201801;Y;1;0-4;Jan
1050;201803;Y;1;0-4;Mar
1051;201801;Y;7;Oct-19;Jan
1052;201802;Y;1;0-4;Feb
1053;201801;Y;6;05-Sep;Jan
1054;201801;Y;7;Oct-19;Jan
1055;201804;Y;1;0-4;Apr
1056;201802;Y;1;0-4;Feb
1057;201804;Y;1;0-4;Apr
1058;201802;Y;1;0-4;Feb
1059;201804;Y;1;0-4;Apr
1060;201802;Y;1;0-4;Feb
1061;201801;Y;1;0-4;Jan
1062;201804;Y;1;0-4;Apr
1063;201804;Y;6;05-Sep;Apr
1064;201804;Y;1;0-4;Apr
1065;201801;Y;6;05-Sep;Jan
1066;201801;Y;6;05-Sep;Jan
1067;201804;Y;1;0-4;Apr
1068;201802;Y;1;0-4;Feb
1069;201804;Y;1;0-4;Apr
1070;201804;Y;1;0-4;Apr
1071;201801;Y;6;05-Sep;Jan
1072;201801;Y;1;0-4;Jan
1073;201801;Y;6;05-Sep;Jan
1074;201801;Y;6;05-Sep;Jan
1075;201801;Y;1;0-4;Jan
1076;201802;Y;1;0-4;Feb
1077;201801;Y;1;0-4;Jan
1078;201801;Y;6;05-Sep;Jan
1079;201804;Y;1;0-4;Apr
1080;201801;Y;1;0-4;Jan
1081;201802;Y;1;0-4;Feb
1082;201801;Y;1;0-4;Jan
1083;201801;Y;6;05-Sep;Jan
1084;201801;Y;1;0-4;Jan
1085;201804;Y;6;05-Sep;Apr
1086;201804;Y;1;0-4;Apr
1087;201801;Y;6;05-Sep;Jan
1088;201803;Y;1;0-4;Mar
1089;201803;Y;1;0-4;Mar
1090;201804;Y;6;05-Sep;Apr
1091;201803;Y;1;0-4;Mar
1092;201801;Y;6;05-Sep;Jan
1093;201801;Y;1;0-4;Jan
1094;201804;Y;1;0-4;Apr
1095;201804;Y;1;0-4;Apr
1096;201804;Y;1;0-4;Apr
1097;201801;Y;6;05-Sep;Jan
1098;201803;Y;1;0-4;Mar
1099;201804;Y;1;0-4;Apr
1100;201802;Y;6;05-Sep;Feb
1101;201803;Y;1;0-4;Mar
1102;201803;Y;1;0-4;Mar
1103;201801;Y;1;0-4;Jan
1104;201803;Y;1;0-4;Mar
1105;201802;Y;1;0-4;Feb
1106;201802;Y;1;0-4;Feb
1107;201803;Y;1;0-4;Mar
1108;201804;Y;1;0-4;Apr
1109;201801;Y;6;05-Sep;Jan
1110;201801;Y;6;05-Sep;Jan
1111;201802;Y;1;0-4;Feb
1112;201801;Y;6;05-Sep;Jan
1113;201801;Y;1;0-4;Jan
1114;201803;Y;1;0-4;Mar
1115;201801;Y;7;Oct-19;Jan
1116;201801;Y;1;0-4;Jan
1117;201802;Y;1;0-4;Feb
1118;201803;Y;1;0-4;Mar
1119;201801;Y;1;0-4;Jan
1120;201804;Y;1;0-4;Apr
1121;201803;Y;1;0-4;Mar
1122;201801;Y;1;0-4;Jan
1123;201804;Y;6;05-Sep;Apr
1124;201804;Y;6;05-Sep;Apr
1125;201801;Y;1;0-4;Jan
1126;201803;Y;1;0-4;Mar
1127;201803;Y;1;0-4;Mar
1128;201804;Y;1;0-4;Apr
1129;201803;Y;1;0-4;Mar
1130;201801;Y;6;05-Sep;Jan
1131;201803;Y;1;0-4;Mar
1132;201803;Y;6;05-Sep;Mar
1133;201801;Y;7;Oct-19;Jan
1134;201801;Y;6;05-Sep;Jan
1135;201802;Y;1;0-4;Feb
1136;201801;Y;6;05-Sep;Jan
1137;201801;Y;6;05-Sep;Jan
1138;201801;Y;6;05-Sep;Jan
1139;201804;Y;6;05-Sep;Apr
1140;201803;Y;6;05-Sep;Mar
1141;201801;Y;6;05-Sep;Jan
1142;201801;Y;7;Oct-19;Jan
1143;201801;Y;6;05-Sep;Jan
1144;201802;Y;6;05-Sep;Feb
1145;201801;Y;6;05-Sep;Jan
1146;201801;Y;6;05-Sep;Jan
1147;201804;Y;1;0-4;Apr
1148;201804;Y;1;0-4;Apr
1149;201803;Y;1;0-4;Mar
1150;201801;Y;6;05-Sep;Jan
1151;201801;Y;6;05-Sep;Jan
1152;201801;Y;6;05-Sep;Jan
1153;201804;Y;1;0-4;Apr
1154;201801;Y;7;Oct-19;Jan
1155;201804;Y;7;Oct-19;Apr
1156;201801;Y;1;0-4;Jan
1157;201801;Y;7;Oct-19;Jan
1158;201803;Y;1;0-4;Mar
1159;201801;Y;7;Oct-19;Jan
1160;201802;Y;6;05-Sep;Feb
1161;201803;Y;1;0-4;Mar
1162;201802;Y;1;0-4;Feb
1163;201802;Y;1;0-4;Feb
1164;201803;Y;1;0-4;Mar
1165;201801;Y;1;0-4;Jan
1166;201804;Y;1;0-4;Apr
1167;201801;Y;6;05-Sep;Jan
1168;201804;Y;1;0-4;Apr
1169;201801;Y;7;Oct-19;Jan
1170;201802;Y;7;Oct-19;Feb
1171;201803;Y;1;0-4;Mar
1172;201802;Y;1;0-4;Feb
1173;201802;Y;1;0-4;Feb
1174;201803;Y;6;05-Sep;Mar
1175;201801;Y;6;05-Sep;Jan
1176;201801;Y;1;0-4;Jan
1177;201804;Y;7;Oct-19;Apr
1178;201801;Y;6;05-Sep;Jan
1179;201804;Y;6;05-Sep;Apr
1180;201801;Y;6;05-Sep;Jan
1181;201804;Y;1;0-4;Apr
1182;201804;Y;6;05-Sep;Apr
1183;201801;Y;1;0-4;Jan
1184;201804;Y;6;05-Sep;Apr
1185;201803;Y;6;05-Sep;Mar
1186;201801;Y;6;05-Sep;Jan
1187;201803;Y;1;0-4;Mar
1188;201801;Y;6;05-Sep;Jan
1189;201801;Y;6;05-Sep;Jan
1190;201801;Y;6;05-Sep;Jan
1191;201802;Y;1;0-4;Feb
1192;201803;Y;1;0-4;Mar
1193;201801;Y;6;05-Sep;Jan
1194;201804;Y;1;0-4;Apr
1195;201804;Y;1;0-4;Apr
1196;201802;Y;1;0-4;Feb
1197;201801;Y;6;05-Sep;Jan
1198;201803;Y;1;0-4;Mar
1199;201801;Y;1;0-4;Jan
1200;201801;Y;6;05-Sep;Jan
1201;201801;Y;6;05-Sep;Jan
1202;201802;Y;1;0-4;Feb
1203;201804;Y;1;0-4;Apr
1204;201802;Y;1;0-4;Feb
1205;201803;Y;1;0-4;Mar
1206;201801;Y;6;05-Sep;Jan
1207;201801;Y;1;0-4;Jan
1208;201803;Y;6;05-Sep;Mar
1209;201801;Y;1;0-4;Jan
1210;201802;Y;1;0-4;Feb
1211;201803;Y;6;05-Sep;Mar
1212;201803;Y;1;0-4;Mar
1213;201801;Y;1;0-4;Jan
1214;201804;Y;1;0-4;Apr
1215;201801;Y;1;0-4;Jan
1216;201803;Y;1;0-4;Mar
1217;201801;Y;1;0-4;Jan
1218;201801;Y;6;05-Sep;Jan
1219;201801;Y;6;05-Sep;Jan
1220;201802;Y;6;05-Sep;Feb
1221;201803;Y;1;0-4;Mar
1222;201801;Y;6;05-Sep;Jan
1223;201801;Y;1;0-4;Jan
1224;201801;Y;7;Oct-19;Jan
1225;201801;Y;1;0-4;Jan
1226;201801;Y;6;05-Sep;Jan
1227;201804;Y;1;0-4;Apr
1228;201804;Y;1;0-4;Apr
1229;201801;Y;7;Oct-19;Jan
1230;201801;Y;6;05-Sep;Jan
1231;201801;Y;1;0-4;Jan
1232;201803;Y;1;0-4;Mar
1233;201801;Y;6;05-Sep;Jan
1234;201802;Y;1;0-4;Feb
1235;201801;Y;7;Oct-19;Jan
1236;201801;Y;1;0-4;Jan
1237;201801;Y;1;0-4;Jan
1238;201801;Y;6;05-Sep;Jan
1239;201803;Y;1;0-4;Mar
1240;201802;Y;6;05-Sep;Feb
1241;201802;Y;6;05-Sep;Feb
1242;201804;Y;1;0-4;Apr
1243;201804;Y;1;0-4;Apr
1244;201801;Y;6;05-Sep;Jan
1245;201804;Y;1;0-4;Apr
1246;201804;Y;1;0-4;Apr
1247;201803;Y;1;0-4;Mar
1248;201801;Y;6;05-Sep;Jan
1249;201803;Y;6;05-Sep;Mar
1250;201801;Y;1;0-4;Jan
1251;201803;Y;1;0-4;Mar
1252;201803;Y;1;0-4;Mar
1253;201801;Y;6;05-Sep;Jan
1254;201803;Y;1;0-4;Mar
1255;201801;Y;1;0-4;Jan
1256;201801;Y;6;05-Sep;Jan
1257;201804;Y;7;Oct-19;Apr
1258;201803;Y;1;0-4;Mar
1259;201802;Y;1;0-4;Feb
1260;201802;Y;1;0-4;Feb
1261;201801;Y;6;05-Sep;Jan
1262;201802;Y;1;0-4;Feb
1263;201803;Y;1;0-4;Mar
1264;201803;Y;6;05-Sep;Mar
1265;201804;Y;1;0-4;Apr
1266;201803;Y;1;0-4;Mar
1267;201804;Y;1;0-4;Apr
1268;201801;Y;1;0-4;Jan
1269;201801;Y;1;0-4;Jan
1270;201801;Y;6;05-Sep;Jan
1271;201804;Y;6;05-Sep;Apr
1272;201801;Y;6;05-Sep;Jan
1273;201804;Y;1;0-4;Apr
1274;201801;Y;7;Oct-19;Jan
1275;201801;Y;6;05-Sep;Jan
1276;201801;Y;1;0-4;Jan
1277;201802;Y;6;05-Sep;Feb
1278;201804;Y;1;0-4;Apr
1279;201803;Y;1;0-4;Mar
1280;201802;Y;1;0-4;Feb
1281;201802;Y;1;0-4;Feb
1282;201801;Y;6;05-Sep;Jan
1283;201801;Y;6;05-Sep;Jan
1284;201801;Y;6;05-Sep;Jan
1285;201801;Y;6;05-Sep;Jan
1286;201803;Y;1;0-4;Mar
1287;201801;Y;7;Oct-19;Jan
1288;201801;Y;6;05-Sep;Jan
1289;201803;Y;1;0-4;Mar
1290;201803;Y;7;Oct-19;Mar
1291;201801;Y;1;0-4;Jan
1292;201801;Y;6;05-Sep;Jan
1293;201803;Y;1;0-4;Mar
1294;201803;Y;1;0-4;Mar
1295;201801;Y;6;05-Sep;Jan
1296;201804;Y;6;05-Sep;Apr
1297;201804;Y;6;05-Sep;Apr
1298;201801;Y;1;0-4;Jan
1299;201801;Y;1;0-4;Jan
1300;201801;Y;7;Oct-19;Jan
1301;201804;Y;1;0-4;Apr
1302;201801;Y;7;Oct-19;Jan
1303;201801;Y;6;05-Sep;Jan
1304;201801;Y;1;0-4;Jan
1305;201804;Y;1;0-4;Apr
1306;201803;Y;1;0-4;Mar
1307;201803;Y;1;0-4;Mar
1308;201801;Y;1;0-4;Jan
1309;201801;Y;6;05-Sep;Jan
1310;201801;Y;6;05-Sep;Jan
1311;201802;Y;1;0-4;Feb
1312;201802;Y;1;0-4;Feb
1313;201802;Y;1;0-4;Feb
1314;201804;Y;1;0-4;Apr
1315;201802;Y;1;0-4;Feb
1316;201801;Y;1;0-4;Jan
1317;201801;Y;1;0-4;Jan
1318;201802;Y;1;0-4;Feb
1319;201802;Y;1;0-4;Feb
1320;201801;Y;7;Oct-19;Jan
1321;201804;Y;1;0-4;Apr
1322;201803;Y;1;0-4;Mar
1323;201801;Y;6;05-Sep;Jan
1324;201803;Y;1;0-4;Mar
1325;201803;Y;1;0-4;Mar
1326;201803;Y;1;0-4;Mar
1327;201801;Y;7;Oct-19;Jan
1328;201802;Y;6;05-Sep;Feb
1329;201804;Y;1;0-4;Apr
1330;201804;Y;1;0-4;Apr
1331;201801;Y;6;05-Sep;Jan
1332;201803;Y;6;05-Sep;Mar
1333;201801;Y;6;05-Sep;Jan
1334;201803;Y;1;0-4;Mar
1335;201801;Y;6;05-Sep;Jan
1336;201801;Y;1;0-4;Jan
1337;201804;Y;1;0-4;Apr
1338;201801;Y;1;0-4;Jan
1339;201803;Y;1;0-4;Mar
1340;201802;Y;1;0-4;Feb
1341;201804;Y;1;0-4;Apr
1342;201804;Y;6;05-Sep;Apr
1343;201801;Y;1;0-4;Jan
1344;201801;Y;1;0-4;Jan
1345;201802;Y;1;0-4;Feb
1346;201801;Y;1;0-4;Jan
1347;201802;Y;1;0-4;Feb
1348;201801;Y;1;0-4;Jan
1349;201803;Y;1;0-4;Mar
1350;201802;Y;1;0-4;Feb
1351;201804;Y;1;0-4;Apr
1352;201802;Y;1;0-4;Feb
1353;201804;Y;1;0-4;Apr
1354;201802;Y;1;0-4;Feb
1355;201803;Y;1;0-4;Mar
1356;201803;Y;1;0-4;Mar
1357;201802;Y;1;0-4;Feb
1358;201804;Y;1;0-4;Apr
1359;201801;Y;6;05-Sep;Jan
1360;201801;Y;1;0-4;Jan
1361;201802;Y;1;0-4;Feb
1362;201802;Y;1;0-4;Feb
1363;201803;Y;1;0-4;Mar
1364;201801;Y;7;Oct-19;Jan
1365;201801;Y;1;0-4;Jan
1366;201801;Y;1;0-4;Jan
1367;201801;Y;1;0-4;Jan
1368;201801;Y;6;05-Sep;Jan
1369;201802;Y;1;0-4;Feb
1370;201802;Y;7;Oct-19;Feb
1371;201804;Y;7;Oct-19;Apr
1372;201801;Y;6;05-Sep;Jan
1373;201801;Y;7;Oct-19;Jan
1374;201801;Y;1;0-4;Jan
1375;201803;Y;1;0-4;Mar
1376;201802;Y;1;0-4;Feb
1377;201803;Y;1;0-4;Mar
1378;201801;Y;6;05-Sep;Jan
1379;201804;Y;1;0-4;Apr
1380;201801;Y;6;05-Sep;Jan
1381;201803;Y;6;05-Sep;Mar
1382;201801;Y;1;0-4;Jan
1383;201801;Y;1;0-4;Jan
1384;201803;Y;1;0-4;Mar
1385;201804;Y;1;0-4;Apr
1386;201802;Y;1;0-4;Feb
1387;201803;Y;1;0-4;Mar
1388;201804;Y;1;0-4;Apr
1389;201801;Y;1;0-4;Jan
1390;201803;Y;1;0-4;Mar
1391;201801;Y;1;0-4;Jan
1392;201803;Y;1;0-4;Mar
1393;201802;Y;1;0-4;Feb
1394;201801;Y;1;0-4;Jan
1395;201801;Y;1;0-4;Jan
1396;201801;Y;1;0-4;Jan
1397;201801;Y;1;0-4;Jan
1398;201804;Y;1;0-4;Apr
1399;201804;Y;1;0-4;Apr
1400;201802;Y;1;0-4;Feb
1401;201801;Y;1;0-4;Jan
1402;201803;Y;1;0-4;Mar
1403;201802;Y;1;0-4;Feb
1404;201801;Y;1;0-4;Jan
1405;201801;Y;6;05-Sep;Jan
1406;201804;Y;6;05-Sep;Apr
1407;201801;Y;1;0-4;Jan
1408;201803;Y;6;05-Sep;Mar
1409;201802;Y;6;05-Sep;Feb
1410;201801;Y;7;Oct-19;Jan
1411;201803;Y;1;0-4;Mar
1412;201804;Y;1;0-4;Apr
1413;201803;Y;1;0-4;Mar
1414;201803;Y;1;0-4;Mar
1415;201804;Y;6;05-Sep;Apr
1416;201804;Y;1;0-4;Apr
1417;201801;Y;6;05-Sep;Jan
1418;201801;Y;6;05-Sep;Jan
1419;201803;Y;1;0-4;Mar
1420;201801;Y;1;0-4;Jan
1421;201803;Y;1;0-4;Mar
1422;201802;Y;1;0-4;Feb
1423;201804;Y;1;0-4;Apr
1424;201803;Y;1;0-4;Mar
1425;201804;Y;1;0-4;Apr
1426;201801;Y;1;0-4;Jan
1427;201801;Y;1;0-4;Jan
1428;201803;Y;1;0-4;Mar
1429;201802;Y;1;0-4;Feb
1430;201802;Y;6;05-Sep;Feb
1431;201804;Y;1;0-4;Apr
1432;201801;Y;1;0-4;Jan
1433;201801;Y;6;05-Sep;Jan
1434;201801;Y;1;0-4;Jan
1435;201802;Y;1;0-4;Feb
1436;201801;Y;6;05-Sep;Jan
1437;201801;Y;1;0-4;Jan
1438;201801;Y;6;05-Sep;Jan
1439;201802;Y;6;05-Sep;Feb
1440;201801;Y;6;05-Sep;Jan
1441;201803;Y;1;0-4;Mar
1442;201801;Y;6;05-Sep;Jan
1443;201801;Y;1;0-4;Jan
1444;201804;Y;1;0-4;Apr
1445;201801;Y;1;0-4;Jan
1446;201802;Y;1;0-4;Feb
1447;201803;Y;6;05-Sep;Mar
1448;201803;Y;1;0-4;Mar
1449;201803;Y;1;0-4;Mar
1450;201801;Y;6;05-Sep;Jan
1451;201804;Y;1;0-4;Apr
1452;201803;Y;7;Oct-19;Mar
1453;201804;Y;1;0-4;Apr
1454;201801;Y;6;05-Sep;Jan
1455;201803;Y;6;05-Sep;Mar
1456;201803;Y;1;0-4;Mar
1457;201803;Y;1;0-4;Mar
1458;201801;Y;6;05-Sep;Jan
1459;201801;Y;6;05-Sep;Jan
1460;201801;Y;1;0-4;Jan
1461;201804;Y;1;0-4;Apr
1462;201801;Y;6;05-Sep;Jan
1463;201802;Y;1;0-4;Feb
1464;201804;Y;1;0-4;Apr
1465;201803;Y;1;0-4;Mar
1466;201802;Y;6;05-Sep;Feb
1467;201801;Y;6;05-Sep;Jan
1468;201801;Y;1;0-4;Jan
1469;201804;Y;1;0-4;Apr
1470;201801;Y;6;05-Sep;Jan
1471;201803;Y;6;05-Sep;Mar
1472;201804;Y;1;0-4;Apr
1473;201801;Y;7;Oct-19;Jan
1474;201803;Y;1;0-4;Mar
1475;201802;Y;1;0-4;Feb
1476;201801;Y;6;05-Sep;Jan
1477;201802;Y;1;0-4;Feb
1478;201804;Y;1;0-4;Apr
1479;201801;Y;6;05-Sep;Jan
1480;201801;Y;6;05-Sep;Jan
1481;201804;Y;6;05-Sep;Apr
1482;201802;Y;1;0-4;Feb
1483;201802;Y;1;0-4;Feb
1484;201803;Y;1;0-4;Mar
1485;201801;Y;1;0-4;Jan
1486;201802;Y;7;Oct-19;Feb
1487;201803;Y;6;05-Sep;Mar
1488;201803;Y;1;0-4;Mar
1489;201801;Y;6;05-Sep;Jan
1490;201801;Y;6;05-Sep;Jan
1491;201801;Y;1;0-4;Jan
1492;201801;Y;1;0-4;Jan
1493;201801;Y;1;0-4;Jan
1494;201801;Y;1;0-4;Jan
1495;201801;Y;1;0-4;Jan
1496;201801;Y;1;0-4;Jan
1497;201801;Y;1;0-4;Jan
1498;201801;Y;1;0-4;Jan
1499;201801;Y;1;0-4;Jan
1500;201801;Y;1;0-4;Jan
1501;201801;Y;1;0-4;Jan
1502;201801;Y;7;Oct-19;Jan
1503;201801;Y;1;0-4;Jan
1504;201801;Y;1;0-4;Jan
1505;201801;Y;1;0-4;Jan
1506;201801;Y;1;0-4;Jan
1507;201801;Y;1;0-4;Jan
1508;201801;Y;1;0-4;Jan
1509;201801;Y;1;0-4;Jan
1510;201801;Y;1;0-4;Jan
1511;201803;Y;1;0-4;Mar
1512;201803;Y;1;0-4;Mar
1513;201801;Y;1;0-4;Jan
1514;201803;Y;1;0-4;Mar
1515;201801;Y;1;0-4;Jan
1516;201801;Y;1;0-4;Jan
1517;201801;Y;1;0-4;Jan
1518;201804;Y;1;0-4;Apr
1519;201801;Y;1;0-4;Jan
1520;201801;Y;1;0-4;Jan
1521;201801;Y;1;0-4;Jan
1522;201801;Y;1;0-4;Jan
1523;201801;Y;1;0-4;Jan
1524;201801;Y;1;0-4;Jan
1525;201802;Y;1;0-4;Feb
1526;201802;Y;1;0-4;Feb
1527;201801;Y;1;0-4;Jan
1528;201801;Y;1;0-4;Jan
1529;201801;Y;1;0-4;Jan
1530;201804;Y;1;0-4;Apr
1531;201801;Y;1;0-4;Jan
1532;201801;Y;1;0-4;Jan
1533;201801;Y;6;05-Sep;Jan
1534;201802;Y;1;0-4;Feb
1535;201804;Y;1;0-4;Apr
1536;201801;Y;7;Oct-19;Jan
1537;201802;Y;1;0-4;Feb
1538;201803;Y;1;0-4;Mar
1539;201801;Y;7;Oct-19;Jan
1540;201801;Y;6;05-Sep;Jan
1541;201803;Y;1;0-4;Mar
1542;201801;Y;1;0-4;Jan
1543;201804;Y;1;0-4;Apr
1544;201801;Y;6;05-Sep;Jan
1545;201801;Y;6;05-Sep;Jan
1546;201801;Y;6;05-Sep;Jan
1547;201804;Y;1;0-4;Apr
1548;201801;Y;6;05-Sep;Jan
1549;201804;Y;1;0-4;Apr
1550;201803;Y;6;05-Sep;Mar
1551;201801;Y;6;05-Sep;Jan
1552;201801;Y;1;0-4;Jan
1553;201804;Y;1;0-4;Apr
1554;201802;Y;6;05-Sep;Feb
1555;201801;Y;1;0-4;Jan
1556;201804;Y;6;05-Sep;Apr
1557;201804;Y;1;0-4;Apr
1558;201804;Y;1;0-4;Apr
1559;201801;Y;1;0-4;Jan
1560;201801;Y;6;05-Sep;Jan
1561;201801;Y;1;0-4;Jan
1562;201801;Y;1;0-4;Jan
1563;201801;Y;1;0-4;Jan
1564;201804;Y;1;0-4;Apr
1565;201801;Y;1;0-4;Jan
1566;201801;Y;1;0-4;Jan
1567;201803;Y;1;0-4;Mar
1568;201804;Y;1;0-4;Apr
1569;201801;Y;1;0-4;Jan
1570;201804;Y;1;0-4;Apr
1571;201801;Y;1;0-4;Jan
1572;201802;Y;1;0-4;Feb
1573;201801;Y;1;0-4;Jan
1574;201801;Y;1;0-4;Jan
1575;201801;Y;1;0-4;Jan
1576;201801;Y;1;0-4;Jan
1577;201801;Y;6;05-Sep;Jan
1578;201801;Y;1;0-4;Jan
1579;201801;Y;1;0-4;Jan
1580;201802;Y;6;05-Sep;Feb
1581;201804;Y;1;0-4;Apr
1582;201801;Y;1;0-4;Jan
1583;201801;Y;1;0-4;Jan
1584;201801;Y;1;0-4;Jan
1585;201802;Y;1;0-4;Feb
1586;201801;Y;1;0-4;Jan
1587;201801;Y;1;0-4;Jan
1588;201801;Y;1;0-4;Jan
1589;201801;Y;1;0-4;Jan
1590;201801;Y;1;0-4;Jan
1591;201801;Y;1;0-4;Jan
1592;201801;Y;1;0-4;Jan
1593;201801;Y;1;0-4;Jan
1594;201803;Y;1;0-4;Mar
1595;201801;Y;1;0-4;Jan
1596;201801;Y;1;0-4;Jan
1597;201801;Y;1;0-4;Jan
1598;201801;Y;1;0-4;Jan
1599;201802;Y;1;0-4;Feb
1600;201801;Y;1;0-4;Jan
1601;201801;Y;1;0-4;Jan
1602;201801;Y;1;0-4;Jan
1603;201801;Y;1;0-4;Jan
1604;201802;Y;1;0-4;Feb
1605;201804;Y;1;0-4;Apr
1606;201801;Y;1;0-4;Jan
1607;201801;Y;1;0-4;Jan
1608;201801;Y;1;0-4;Jan
1609;201801;Y;1;0-4;Jan
1610;201801;Y;6;05-Sep;Jan
1611;201804;Y;1;0-4;Apr
1612;201802;Y;1;0-4;Feb
1613;201803;Y;1;0-4;Mar
1614;201801;Y;6;05-Sep;Jan
1615;201803;Y;7;Oct-19;Mar
1616;201804;Y;1;0-4;Apr
1617;201804;Y;1;0-4;Apr
1618;201803;Y;1;0-4;Mar
1619;201804;Y;6;05-Sep;Apr
1620;201803;Y;1;0-4;Mar
1621;201801;Y;6;05-Sep;Jan
1622;201802;Y;1;0-4;Feb
1623;201801;Y;6;05-Sep;Jan
1624;201803;Y;1;0-4;Mar
1625;201803;Y;1;0-4;Mar
1626;201804;Y;1;0-4;Apr
1627;201802;Y;1;0-4;Feb
1628;201804;Y;1;0-4;Apr
1629;201801;Y;1;0-4;Jan
1630;201801;Y;1;0-4;Jan
1631;201801;Y;1;0-4;Jan
1632;201801;Y;1;0-4;Jan
1633;201801;Y;1;0-4;Jan
1634;201801;Y;1;0-4;Jan
1635;201801;Y;1;0-4;Jan
1636;201801;Y;1;0-4;Jan
1637;201801;Y;1;0-4;Jan
1638;201801;Y;1;0-4;Jan
1639;201802;Y;1;0-4;Feb
1640;201801;Y;1;0-4;Jan
1641;201802;Y;1;0-4;Feb
1642;201801;Y;1;0-4;Jan
1643;201801;Y;1;0-4;Jan
1644;201801;Y;1;0-4;Jan
1645;201801;Y;1;0-4;Jan
1646;201801;Y;1;0-4;Jan
1647;201801;Y;1;0-4;Jan
1648;201803;Y;1;0-4;Mar
1649;201801;Y;1;0-4;Jan
1650;201801;Y;1;0-4;Jan
1651;201801;Y;1;0-4;Jan
1652;201804;Y;1;0-4;Apr
1653;201801;Y;1;0-4;Jan
1654;201801;Y;1;0-4;Jan
1655;201802;Y;1;0-4;Feb
1656;201801;Y;1;0-4;Jan
1657;201804;Y;1;0-4;Apr
1658;201802;Y;1;0-4;Feb
1659;201801;Y;1;0-4;Jan
1660;201801;Y;1;0-4;Jan
1661;201801;Y;1;0-4;Jan
1662;201801;Y;1;0-4;Jan
1663;201801;Y;1;0-4;Jan
1664;201804;Y;1;0-4;Apr
1665;201804;Y;1;0-4;Apr
1666;201801;Y;1;0-4;Jan
1667;201801;Y;1;0-4;Jan
1668;201801;Y;1;0-4;Jan
1669;201803;Y;1;0-4;Mar
1670;201801;Y;1;0-4;Jan
1671;201801;Y;1;0-4;Jan
1672;201801;Y;1;0-4;Jan
1673;201804;Y;1;0-4;Apr
1674;201801;Y;1;0-4;Jan
1675;201803;Y;1;0-4;Mar
1676;201801;Y;1;0-4;Jan
1677;201801;Y;1;0-4;Jan
1678;201801;Y;1;0-4;Jan
1679;201801;Y;1;0-4;Jan
1680;201801;Y;1;0-4;Jan
1681;201804;Y;1;0-4;Apr
1682;201804;Y;1;0-4;Apr
1683;201804;Y;1;0-4;Apr
1684;201803;Y;7;Oct-19;Mar
1685;201801;Y;1;0-4;Jan
1686;201804;Y;1;0-4;Apr
1687;201803;Y;1;0-4;Mar
1688;201802;Y;1;0-4;Feb
1689;201804;Y;1;0-4;Apr
1690;201804;Y;1;0-4;Apr
1691;201803;Y;1;0-4;Mar
1692;201802;Y;1;0-4;Feb
1693;201801;Y;1;0-4;Jan
1694;201804;Y;1;0-4;Apr
1695;201803;Y;1;0-4;Mar
1696;201804;Y;1;0-4;Apr
1697;201804;Y;1;0-4;Apr
1698;201804;Y;1;0-4;Apr
1699;201801;Y;1;0-4;Jan
1700;201804;Y;1;0-4;Apr
1701;201801;Y;1;0-4;Jan
1702;201801;Y;1;0-4;Jan
1703;201804;Y;1;0-4;Apr
1704;201804;Y;1;0-4;Apr
1705;201801;Y;1;0-4;Jan
1706;201801;Y;1;0-4;Jan
1707;201804;Y;1;0-4;Apr
1708;201801;Y;1;0-4;Jan
1709;201804;Y;1;0-4;Apr
1710;201804;Y;1;0-4;Apr
1711;201804;Y;1;0-4;Apr
1712;201801;Y;1;0-4;Jan
1713;201802;Y;1;0-4;Feb
1714;201804;Y;1;0-4;Apr
1715;201801;Y;1;0-4;Jan
1716;201804;Y;1;0-4;Apr
1717;201801;Y;1;0-4;Jan
1718;201801;Y;1;0-4;Jan
1719;201801;Y;1;0-4;Jan
1720;201803;Y;1;0-4;Mar
1721;201803;Y;1;0-4;Mar
1722;201804;Y;1;0-4;Apr
1723;201801;Y;1;0-4;Jan
1724;201803;Y;1;0-4;Mar
1725;201804;Y;1;0-4;Apr
1726;201801;Y;1;0-4;Jan
1727;201801;Y;1;0-4;Jan
1728;201801;Y;1;0-4;Jan
1729;201802;Y;1;0-4;Feb
1730;201804;Y;6;05-Sep;Apr
1731;201802;Y;1;0-4;Feb
1732;201804;Y;1;0-4;Apr
1733;201804;Y;1;0-4;Apr
1734;201804;Y;1;0-4;Apr
1735;201801;Y;1;0-4;Jan
1736;201801;Y;1;0-4;Jan
1737;201802;Y;1;0-4;Feb
1738;201801;Y;1;0-4;Jan
1739;201801;Y;1;0-4;Jan
1740;201801;Y;1;0-4;Jan
1741;201801;Y;1;0-4;Jan
1742;201803;Y;1;0-4;Mar
1743;201801;Y;1;0-4;Jan
1744;201803;Y;1;0-4;Mar
1745;201804;Y;1;0-4;Apr
1746;201803;Y;1;0-4;Mar
1747;201803;Y;1;0-4;Mar
1748;201802;Y;1;0-4;Feb
1749;201804;Y;7;Oct-19;Apr
1750;201801;Y;6;05-Sep;Jan
1751;201802;Y;1;0-4;Feb
1752;201802;Y;1;0-4;Feb
1753;201801;Y;1;0-4;Jan
1754;201801;Y;1;0-4;Jan
1755;201801;Y;6;05-Sep;Jan
1756;201801;Y;1;0-4;Jan
1757;201801;Y;1;0-4;Jan
1758;201803;Y;1;0-4;Mar
1759;201804;Y;1;0-4;Apr
1760;201801;Y;7;Oct-19;Jan
1761;201801;Y;6;05-Sep;Jan
1762;201801;Y;1;0-4;Jan
1763;201804;Y;1;0-4;Apr
1764;201801;Y;1;0-4;Jan
1765;201801;Y;1;0-4;Jan
1766;201801;Y;6;05-Sep;Jan
1767;201801;Y;1;0-4;Jan
1768;201801;Y;7;Oct-19;Jan
1769;201802;Y;7;Oct-19;Feb
1770;201803;Y;7;Oct-19;Mar
1771;201801;Y;1;0-4;Jan
1772;201801;Y;1;0-4;Jan
1773;201804;Y;6;05-Sep;Apr
1774;201802;Y;1;0-4;Feb
1775;201802;Y;1;0-4;Feb
1776;201802;Y;7;Oct-19;Feb
1777;201803;Y;1;0-4;Mar
1778;201802;Y;1;0-4;Feb
1779;201802;Y;1;0-4;Feb
1780;201802;Y;1;0-4;Feb
1781;201802;Y;1;0-4;Feb
1782;201803;Y;1;0-4;Mar
1783;201802;Y;1;0-4;Feb
1784;201802;Y;1;0-4;Feb
1785;201802;Y;1;0-4;Feb
1786;201802;Y;1;0-4;Feb
1787;201802;Y;6;05-Sep;Feb
1788;201803;Y;1;0-4;Mar
1789;201802;Y;7;Oct-19;Feb
1790;201802;Y;1;0-4;Feb
1791;201802;Y;7;Oct-19;Feb
1792;201802;Y;1;0-4;Feb
1793;201802;Y;1;0-4;Feb
1794;201802;Y;1;0-4;Feb
1795;201802;Y;6;05-Sep;Feb
1796;201802;Y;1;0-4;Feb
1797;201802;Y;1;0-4;Feb
1798;201802;Y;1;0-4;Feb
1799;201802;Y;1;0-4;Feb
1800;201802;Y;1;0-4;Feb
1801;201802;Y;1;0-4;Feb
1802;201802;Y;1;0-4;Feb
1803;201802;Y;1;0-4;Feb
1804;201802;Y;1;0-4;Feb
1805;201802;Y;1;0-4;Feb
1806;201803;Y;1;0-4;Mar
1807;201802;Y;1;0-4;Feb
1808;201802;Y;6;05-Sep;Feb
1809;201802;Y;1;0-4;Feb
1810;201802;Y;1;0-4;Feb
1811;201802;Y;1;0-4;Feb
1812;201802;Y;1;0-4;Feb
1813;201802;Y;1;0-4;Feb
1814;201802;Y;1;0-4;Feb
1815;201802;Y;1;0-4;Feb
1816;201804;Y;1;0-4;Apr
1817;201803;Y;1;0-4;Mar
1818;201803;Y;6;05-Sep;Mar
1819;201803;Y;6;05-Sep;Mar
1820;201803;Y;6;05-Sep;Mar
1821;201803;Y;1;0-4;Mar
1822;201803;Y;7;Oct-19;Mar
1823;201803;Y;1;0-4;Mar
1824;201803;Y;1;0-4;Mar
1825;201803;Y;1;0-4;Mar
1826;201803;Y;1;0-4;Mar
1827;201803;Y;1;0-4;Mar
1828;201803;Y;1;0-4;Mar
1829;201803;Y;1;0-4;Mar
1830;201803;Y;6;05-Sep;Mar
1831;201803;Y;1;0-4;Mar
1832;201803;Y;1;0-4;Mar
1833;201803;Y;1;0-4;Mar
1834;201803;Y;1;0-4;Mar
1835;201804;Y;1;0-4;Apr
1836;201803;Y;1;0-4;Mar
1837;201803;Y;1;0-4;Mar
1838;201803;Y;1;0-4;Mar
1839;201803;Y;1;0-4;Mar
1840;201803;Y;1;0-4;Mar
1841;201803;Y;1;0-4;Mar
1842;201803;Y;6;05-Sep;Mar
1843;201803;Y;1;0-4;Mar
1844;201803;Y;1;0-4;Mar
1845;201803;Y;1;0-4;Mar
1846;201803;Y;1;0-4;Mar
1847;201803;Y;1;0-4;Mar
1848;201803;Y;1;0-4;Mar
1849;201804;Y;6;05-Sep;Apr
1850;201804;Y;1;0-4;Apr
1851;201804;Y;1;0-4;Apr
1852;201804;Y;1;0-4;Apr
1853;201804;Y;6;05-Sep;Apr
1854;201804;Y;1;0-4;Apr
1855;201804;Y;7;Oct-19;Apr
1856;201804;Y;1;0-4;Apr
1857;201804;Y;1;0-4;Apr
1858;201804;Y;1;0-4;Apr
1859;201804;Y;1;0-4;Apr
1860;201804;Y;1;0-4;Apr
1861;201804;Y;1;0-4;Apr
1862;201804;Y;1;0-4;Apr
1863;201804;Y;1;0-4;Apr
1864;201804;Y;1;0-4;Apr
1865;201804;Y;1;0-4;Apr
1866;201804;Y;1;0-4;Apr
1867;201804;Y;1;0-4;Apr
1868;201804;Y;1;0-4;Apr
1869;201804;Y;1;0-4;Apr
1870;201804;Y;1;0-4;Apr
1871;201804;Y;1;0-4;Apr
1872;201804;Y;1;0-4;Apr
1873;201804;Y;1;0-4;Apr
1874;201804;Y;1;0-4;Apr
1875;201804;Y;1;0-4;Apr
1876;201804;Y;1;0-4;Apr
1877;201804;Y;1;0-4;Apr
1878;201804;Y;1;0-4;Apr
1879;201804;Y;7;Oct-19;Apr
1880;201804;Y;1;0-4;Apr
1881;201804;Y;1;0-4;Apr
1882;201804;Y;1;0-4;Apr
1883;201804;Y;1;0-4;Apr
1884;201804;Y;1;0-4;Apr
1885;201804;Y;1;0-4;Apr
1886;201804;Y;1;0-4;Apr
1887;201804;Y;1;0-4;Apr
1888;201804;Y;1;0-4;Apr
1889;201804;Y;1;0-4;Apr
1890;201804;Y;6;05-Sep;Apr